Book Id,Title,Author,Author l-f,Additional Authors,ISBN,ISBN13,My Rating,Average Rating,Publisher,Binding,Number of Pages,Year Published,Original Publication Year,Date Read,Date Added,Bookshelves,Bookshelves with positions,Exclusive Shelf,My Review,Spoiler,Private Notes,Read Count,Owned Copies
55873420,The Profit Paradox: How Thriving Firms Threaten the Future of Work,Jan Eeckhout,"Eeckhout, Jan",,"=""0691214476""","=""9780691214474""",4,3.93,Princeton University Press,Hardcover,336,2021,2021,,2025/05/05,,,read,,,,1,0
205127823,"Robust Machine Learning: Distributed Methods for Safe AI (Machine Learning: Foundations, Methodologies, and Applications)",Rachid Guerraoui,"Guerraoui, Rachid","Nirupam Gupta, Rafael Pinot","=""9819706874""","=""9789819706877""",0,0.0,Springer,Hardcover,187,2024,,,2025/05/22,to-read,to-read (#195),to-read,,,,0,0
54402849,Turing à la plage. L'intelligence artificielle dans un transat,Rachid Guerraoui,"Guerraoui, Rachid",Lê Nguyên Hoang,"=""2100795554""","=""9782100795550""",0,4.06,Dunod,Paperback,219,2020,,,2025/05/22,to-read,to-read (#194),to-read,,,,0,0
35605551,Unscaled: How AI and a New Generation of Upstarts Are Creating the Economy of the Future,Hemant Taneja,"Taneja, Hemant",Kevin Maney,"=""1610398122""","=""9781610398121""",0,3.86,PublicAffairs,Hardcover,240,2018,,,2020/05/09,to-read,to-read (#193),to-read,,,,1,0
3228917,Outliers: The Story of Success,Malcolm Gladwell,"Gladwell, Malcolm",,"=""0316017922""","=""9780316017923""",0,4.19,"Little, Brown and Company",Hardcover,309,2008,2008,,2021/05/15,to-read,to-read (#192),to-read,,,,1,0
106590,Lincoln,David Herbert Donald,"Donald, David Herbert",,"=""068482535X""","=""9780684825359""",0,4.19,Simon  Schuster,Paperback,714,1996,1995,,2021/09/12,to-read,to-read (#191),to-read,,,,1,0
57880116,The Contrarian: Peter Thiel and Silicon Valley's Pursuit of Power,Max Chafkin,"Chafkin, Max",,"=""1984878549""","=""9781984878540""",0,3.61,Penguin Press,Kindle Edition,400,2021,2021,,2022/02/04,to-read,to-read (#190),to-read,,,,2,0
142317626,"After Tamerlane: The Rise and Fall of Global Empires, 1400-2000",John Darwin,"Darwin, John",,"=""""","=""""",0,4.01,Penguin,Paperback,,2008,2007,,2023/08/30,to-read,to-read (#189),to-read,,,,1,0
6321234,The Nature of Technology: What It Is and How It Evolves,W. Brian Arthur,"Arthur, W. Brian",,"=""1416544054""","=""9781416544050""",0,3.96,Free Press,Hardcover,256,2009,2009,,2025/05/05,to-read,to-read (#188),to-read,,,,0,0
42449467,The Antitrust Paradigm: Restoring a Competitive Economy,Jonathan B Baker,"Baker, Jonathan B",,"=""0674975782""","=""9780674975781""",0,4.05,Harvard University Press,Hardcover,368,2019,,,2025/05/05,to-read,to-read (#187),to-read,,,,0,0
62315566,Power and Progress: Our Thousand-Year Struggle Over Technology and Prosperity,Daron Acemoğlu,"Acemoğlu, Daron",Simon Johnson,"=""1668626403""","=""9781668626405""",0,3.93,PublicAffairs,Audiobook,,2023,2023,,2025/05/05,to-read,to-read (#186),to-read,,,,0,0
43726589,"People, Power, and Profits: Progressive Capitalism for an Age of Discontent",Joseph E. Stiglitz,"Stiglitz, Joseph E.",,"=""1324004215""","=""9781324004219""",0,3.88,W. W. Norton & Company,Hardcover,366,2019,2019,,2025/05/05,to-read,to-read (#185),to-read,,,,0,0
60098290,Chokepoint Capitalism: How Big Tech and Big Content Captured Creative Labor Markets and How We'll Win Them Back,Rebecca Giblin,"Giblin, Rebecca",Cory Doctorow,"=""0807007064""","=""9780807007068""",0,4.25,Beacon Press,Hardcover,312,2022,2022,,2025/05/05,to-read,to-read (#184),to-read,,,,0,0
38242135,"AI Superpowers: China, Silicon Valley, and the New World Order",Kai-Fu Lee,"Lee, Kai-Fu",,"=""132854639X""","=""9781328546395""",5,4.09,Harper Business,Hardcover,255,2018,2018,,2025/01/26,,,read,,,,1,0
13059271,The Top Five Regrets of the Dying: A Life Transformed by the Dearly Departing,Bronnie Ware,"Ware, Bronnie",,"=""""","=""""",0,3.77,BalboaPress,Kindle Edition,247,2011,2011,,2025/03/20,to-read,to-read (#183),to-read,,,,0,0
8856901,كيمياء السعادة,Abu Hamid al-Ghazali,"al-Ghazali, Abu Hamid",أبو حامد الغزالي,"=""""","=""""",0,4.11,,Paperback,,,1105,,2025/03/20,to-read,to-read (#182),to-read,,,,0,0
6051797,Humanistic Buddhism: A Blueprint for Life,Hsing Yun,"Yun, Hsing",,"=""1932293337""","=""9781932293333""",0,4.00,Buddha's Light Publishing,Paperback,163,2008,2003,,2025/03/20,to-read,to-read (#181),to-read,,,,0,0
23460922,Machines of Loving Grace: The Quest for Common Ground Between Humans and Robots,John Markoff,"Markoff, John",,"=""0062266683""","=""9780062266682""",0,3.67,Ecco,Hardcover,400,2015,2015,,2025/03/19,to-read,to-read (#180),to-read,,,,0,0
23316526,"The Second Machine Age: Work, Progress, and Prosperity in a Time of Brilliant Technologies",Erik Brynjolfsson,"Brynjolfsson, Erik",Andrew McAfee,"=""0393350649""","=""9780393350647""",0,3.91,W. W. Norton & Company,Paperback,336,2016,2014,,2025/02/27,to-read,to-read (#179),to-read,,,,0,0
20527133,"Superintelligence: Paths, Dangers, Strategies",Nick Bostrom,"Bostrom, Nick",,"=""0199678111""","=""9780199678112""",0,3.85,Oxford University Press,Hardcover,352,2014,2014,,2025/02/25,to-read,to-read (#178),to-read,,,,0,0
170448,Animal Farm,George Orwell,"Orwell, George","Russell Baker, C.M. Woodhouse","=""0451526341""","=""9780451526342""",0,4.01,Signet Classics,Mass Market Paperback,141,1996,1945,,2025/02/25,to-read,to-read (#177),to-read,,,,0,0
242162,The Watson Dynasty: The Fiery Reign and Troubled Legacy of IBM's Founding Father and Son,Richard S. Tedlow,"Tedlow, Richard S.",,"=""0060014067""","=""9780060014063""",0,3.50,Harper Paperbacks,Paperback,352,2004,2003,,2025/02/05,to-read,to-read (#176),to-read,,,,0,0
553610,Big Blues: The Unmaking of IBM,Paul B. Carroll,"Carroll, Paul B.",,"=""0517882213""","=""9780517882214""",0,3.85,Three Rivers Press,Paperback,377,1994,1993,,2025/02/05,to-read,to-read (#175),to-read,,,,0,0
10685012,Making the World Work Better: The Ideas That Shaped a Century and a Company,Kevin Maney,"Maney, Kevin","Steve Hamm, Jeffrey O'Brien","=""0132755106""","=""9780132755108""",0,3.62,IBM Press,Paperback,352,2011,2011,,2025/02/05,to-read,to-read (#174),to-read,,,,0,0
603985,Who Says Elephants Can't Dance? Inside IBM's Historic Turnaround,Louis V. Gerstner Jr.,"Jr., Louis V. Gerstner",,"=""0060523794""","=""9780060523794""",0,3.91,Harper Business,Hardcover,384,2002,2002,,2025/02/05,to-read,to-read (#173),to-read,,,,0,0
217920154,LLMs and Generative AI for Healthcare: The Next Frontier,Kerrie Holley,"Holley, Kerrie",Manish Mathur,"=""1098160886""","=""9781098160883""",2,3.00,O'Reilly Media,Kindle Edition,378,2024,,,2025/01/31,,,read,,,,1,0
123510001,Évocation d'un mémorial à Venise,Khalid Lyamlahy,"Lyamlahy, Khalid",,"=""2708710036""","=""9782708710030""",5,3.40,PRESENCE AFRICA,Pocket Book,172,2023,,,2025/01/26,,,read,,,,1,0
18736925,Capital in the Twenty First Century,Thomas Piketty,"Piketty, Thomas",Arthur Goldhammer,"=""067443000X""","=""9780674430006""",5,4.06,Belknap Press: An Imprint of Harvard University Press,Hardcover,685,2014,2013,,2017/07/26,currently-reading,currently-reading (#4),currently-reading,,,,3,0
60862171,Startup Boards: A Field Guide to Building and Leading an Effective Board of Directors,Brad Feld,"Feld, Brad","Matt Blumberg, Mahendra Ramsinghani","=""111985928X""","=""9781119859284""",4,4.06,Wiley,Hardcover,256,2022,2013,2023/01/02,2022/12/28,,,read,,,,2,0
34968,The New Strategic Selling: The Unique Sales System Proven Successful by the World's Best Companies,Robert B. Miller,"Miller, Robert B.","Stephen E. Heiman, Tad Tuleja, J.W. Marriott Jr.","=""044669519X""","=""9780446695190""",0,3.90,Grand Central Publishing,Paperback,448,2005,1985,,2024/02/24,to-read,to-read (#172),to-read,,,,1,0
56095402,Machine Learning Engineering,Andriy Burkov,"Burkov, Andriy",,"=""1777005469""","=""9781777005467""",0,4.31,True Positive Inc.,Hardcover,310,2020,,,2024/12/02,to-read,to-read (#171),to-read,,,,1,0
43907405,Competing in the Age of AI: Strategy and Leadership When Algorithms and Networks Run the World,Marco Iansiti,"Iansiti, Marco",Karim R. Lakhani,"=""1633697630""","=""9781633697638""",4,3.85,Harvard Business Review Press,Kindle Edition,280,2020,2020,,2025/01/19,,,read,,,,1,0
48497641,Quand la machine apprend: La révolution des neurones artificiels et de l'apprentissage profond,Yann Le Cun,"Cun, Yann Le",,"=""2738149324""","=""9782738149329""",5,4.05,Odile Jacob,Kindle Edition,399,2019,2019,,2025/01/11,,,read,,,,1,0
25753498,Deep Learning: A Practitioner's Approach,Josh Patterson,"Patterson, Josh",Adam Gibson,"=""1491914254""","=""9781491914250""",0,3.77, O'Reilly Media,Paperback,200,2015,2015,,2025/01/11,to-read,to-read (#170),to-read,,,,0,0
60623908,Power And Prediction: The Disruptive Economics of Artificial Intelligence,Ajay Agrawal,"Agrawal, Ajay","Joshua Gans, Avi Goldfarb","=""1647824192""","=""9781647824198""",5,4.23,Harvard Business Review Press,Hardcover,256,2022,,2024/12/29,2024/12/09,,,read,,,,1,0
143710993,Generative AI for Entrepreneurs in a Hurry,Mohak Agarwal,"Agarwal, Mohak",,"=""""","=""9798889359692""",0,4.41,Notion Press,Paperback,186,2023,,,2024/12/29,to-read,to-read (#169),to-read,,,,0,0
39165640,MAKE: Bootstrapper's Handbook,Pieter Levels,"Levels, Pieter",,"=""""","=""""",0,4.07,,ebook,194,2018,,,2024/12/20,to-read,to-read (#168),to-read,,,,0,0
59616977,Building a Second Brain: A Proven Method to Organize Your Digital Life and Unlock Your Creative Potential,Tiago Forte,"Forte, Tiago",,"=""1982167386""","=""9781982167387""",0,4.04,Simon Element / Simon Acumen,Hardcover,272,2022,2022,,2024/12/17,to-read,to-read (#167),to-read,,,,0,0
60509,Technological Revolutions and Financial Capital: The Dynamics of Bubbles and Golden Ages,Carlota Pérez,"Pérez, Carlota",,"=""1843763311""","=""9781843763314""",0,4.32,Edward Elgar Publishing,Paperback,224,2003,2002,,2024/12/15,to-read,to-read (#166),to-read,,,,0,0
60746554,The Market Power of Technology: Understanding the Second Gilded Age,Mordecai Kurz,"Kurz, Mordecai",,"=""0231556527""","=""9780231556521""",0,4.50,Columbia University Press,Kindle Edition,700,2023,,,2024/12/15,to-read,to-read (#165),to-read,,,,0,0
53225224,Evolving Properties of Intellectual Capitalism: Patents and Innovations for Growth and Welfare,Ove Granstrand,"Granstrand, Ove",,"=""1800370946""","=""9781800370944""",0,0.0,Edward Elgar Publishing,Paperback,520,2020,,,2024/12/15,to-read,to-read (#164),to-read,,,,0,0
1658640,Technology and Market Structure: Theory and History,John Sutton,"Sutton, John",,"=""026219399X""","=""9780262193993""",0,4.60,Mit Pr,Hardcover,,1998,1998,,2024/12/13,to-read,to-read (#163),to-read,,,,0,0
36484703,Prediction Machines: The Simple Economics of Artificial Intelligence,Ajay Agrawal,"Agrawal, Ajay","Joshua Gans, Avi Goldfarb","=""1633695689""","=""9781633695689""",0,3.86,Harvard Business Review Press,Kindle Edition,328,2018,,,2024/12/02,to-read,to-read (#162),to-read,,,,0,0
43190851,The Hundred-Page Machine Learning Book,Andriy Burkov,"Burkov, Andriy",,"=""""","=""""",5,4.25,Andriy Burkov,Paperback,159,2019,,,2024/12/02,,,read,,,,1,0
747570,"Evolution in Four Dimensions: Genetic, Epigenetic, Behavioral, And Symbolic Variation in the History of Life (Life And Mind: Philosophical Issues in Biology And Philosophy Series)",Eva Jablonka,"Jablonka, Eva","Marion J. Lamb, Anna Zeligowski","=""0262600692""","=""9780262600699""",0,4.19,Bradford Books,Paperback,462,2006,2005,,2024/11/22,to-read,to-read (#161),to-read,,,,0,0
61535,The Selfish Gene,Richard Dawkins,"Dawkins, Richard",,"=""0199291152""","=""9780199291151""",0,4.16,Oxford University Press,Paperback,360,2006,1976,,2024/11/22,to-read,to-read (#160),to-read,,,,0,0
62050269,"A Brief History of Intelligence: Evolution, AI, and the Five Breakthroughs That Made Our Brains",Max Solomon Bennett,"Bennett, Max Solomon",,"=""""","=""""",5,4.45,Mariner Books,Hardcover,432,2023,,2024/11/20,2024/06/15,,,read,,,,1,0
198332459,Bad Therapy: Why the Kids Aren't Growing Up,Abigail Shrier,"Shrier, Abigail",,"=""""","=""""",0,3.99,Swift Press,ebook,350,2024,2024,,2024/10/19,to-read,to-read (#159),to-read,,,,0,0
20657925,The Complete Story of Civilization,Will Durant,"Durant, Will",,"=""1476779716""","=""9781476779713""",0,4.43,Simon & Schuster,Kindle Edition,13971,2014,1975,,2024/10/19,to-read,to-read (#158),to-read,,,,0,0
78161,"The Age of Louis XIV (The Story of Civilization, #8)",Will Durant,"Durant, Will",Ariel Durant,"=""1567310192""","=""9781567310191""",0,4.31,Fine Communications,Hardcover,802,1997,1963,,2024/10/19,to-read,to-read (#157),to-read,,,,0,0
868267,"The Age of Reason Begins (The Story of Civilization, #7)",Will Durant,"Durant, Will",Ariel Durant,"=""0671013203""","=""9780671013202""",0,4.36,Simon & Schuster,Hardcover,729,1980,1961,,2024/10/19,to-read,to-read (#156),to-read,,,,0,0
78164,"The Age of Voltaire (The Story of Civilization, #9)",Will Durant,"Durant, Will",Ariel Durant,"=""0671013254""","=""9780671013257""",0,4.42,Simon & Schuster,Hardcover,898,1980,1965,,2024/10/19,to-read,to-read (#155),to-read,,,,0,0
128898,The Reformation (The Story of Civilization #6),Will Durant,"Durant, Will",,"=""1567310176""","=""9781567310177""",0,4.35,MJF,Hardcover,1025,1997,1957,,2024/10/19,to-read,to-read (#154),to-read,,,,0,0
78165,"Rousseau and Revolution (The Story of Civilization, #10)",Will Durant,"Durant, Will",Ariel Durant,"=""1567310214""","=""9781567310214""",0,4.29,MJF Books,Hardcover,1092,1967,,,2024/10/19,to-read,to-read (#153),to-read,,,,0,0
512145,"The Renaissance (The Story of Civilization, #5)",Will Durant,"Durant, Will",,"=""0671616005""","=""9780671616007""",0,4.26,Simon & Schuster,Hardcover,776,1980,1953,,2024/10/19,to-read,to-read (#152),to-read,,,,0,0
78166,"The Age of Faith (The Story of Civilization, #4)",Will Durant,"Durant, Will",,"=""0965000753""","=""9780965000758""",0,4.38,Simon and Schuster,Hardcover,1196,1950,1950,,2024/10/19,to-read,to-read (#151),to-read,,,,0,0
174730,"The Life of Greece (The Story of Civilization, #2)",Will Durant,"Durant, Will",,"=""1567310133""","=""9781567310139""",0,4.37,Fine Communications,Hardcover,754,1997,1939,,2024/10/19,to-read,to-read (#150),to-read,,,,0,0
174722,"Our Oriental Heritage (The Story of Civilization, #1)",Will Durant,"Durant, Will",,"=""1567310125""","=""9781567310122""",0,4.30,Fine,Hardcover,1047,1993,1935,,2024/10/19,to-read,to-read (#149),to-read,,,,0,0
34272565,Life 3.0: Being Human in the Age of Artificial Intelligence,Max Tegmark,"Tegmark, Max",Rob Shapiro,"=""0451485076""","=""9780451485076""",0,4.00,Random House Audio,Audio CD,384,2035,2017,,2024/10/19,to-read,to-read (#148),to-read,,,,0,0
60321447,Chip War: The Fight for the World's Most Critical Technology,Chris   Miller,"Miller, Chris",,"=""1982172002""","=""9781982172008""",5,4.41,Scribner,Hardcover,431,2022,2022,2024/07/23,2024/06/15,,,read,,,,1,0
53453640,"The Unicorn's Shadow: Combating the Dangerous Myths that Hold Back Startups, Founders, and Investors",Ethan Mollick,"Mollick, Ethan",,"=""1613630972""","=""9781613630976""",4,4.05,Wharton School Press,Kindle Edition,89,2020,,,2024/06/15,,,read,,,,1,0
50489349,The Alignment Problem: Machine Learning and Human Values,Brian  Christian,"Christian, Brian",,"=""0393635821""","=""9780393635829""",0,4.34,W. W. Norton & Company,Hardcover,496,2020,2020,,2024/06/15,to-read,to-read (#147),to-read,,,,0,0
56620811,The Age of AI and Our Human Future,Henry Kissinger,"Kissinger, Henry","Eric Schmidt, Daniel Huttenlocher","=""0316273805""","=""9780316273800""",0,3.45,"Little, Brown and Company",Hardcover,272,2021,,,2024/06/15,to-read,to-read (#146),to-read,,,,0,0
44767248,Human Compatible: Artificial Intelligence and the Problem of Control,Stuart Russell,"Russell, Stuart",,"=""0525558616""","=""9780525558613""",0,4.05,Viking,Hardcover,352,2019,2019,,2024/06/15,to-read,to-read (#145),to-read,,,,0,0
199534421,The Skill Code: How to Save Human Ability in an Age of Intelligent Machines,Matt Beane,"Beane, Matt",,"=""0063337797""","=""9780063337794""",0,3.70,Harper Business,Hardcover,224,2024,,,2024/06/14,to-read,to-read (#144),to-read,,,,0,0
15014,Crucial Conversations: Tools for Talking When Stakes are High,Kerry Patterson,"Patterson, Kerry","Stephen R. Covey, Joseph Grenny, Ron McMillan, Al Switzler","=""0071401946""","=""9780071401944""",0,4.07,McGraw-Hill,Paperback,240,2002,2002,,2024/03/09,to-read,to-read (#143),to-read,,,,1,0
57005189,Masters of Scale: Surprising Truths from the World's Most Successful Entrepreneurs,Reid Hoffman,"Hoffman, Reid","June Cohen, Deron Triff","=""0593239083""","=""9780593239087""",0,4.08,Crown Currency,Hardcover,304,2021,2021,,2022/02/02,to-read,to-read (#142),to-read,,,,1,0
35957157,Thinking in Bets: Making Smarter Decisions When You Don't Have All the Facts,Annie Duke,"Duke, Annie",,"=""0735216355""","=""9780735216358""",0,3.82,Portfolio,Hardcover,288,2018,2018,,2021/05/15,to-read,to-read (#141),to-read,,,,1,0
198678736,"Co-Intelligence: The Definitive, Bestselling Guide to Living and Working with AI",Ethan Mollick,"Mollick, Ethan",,"=""075356078X""","=""9780753560785""",4,3.96,Virgin Digital,Kindle Edition,243,2024,2024,,2024/06/14,,,read,,,,1,0
48677858,‫تفسير الجلالين: تفسير مختصر للقرآن الكريم كاملا‬ (Arabic Edition),جلال الدين السيوطي,"السيوطي, جلال الدين","Jalaluddeen Al-Mahally, Jalaluddeen As-Suyooty, عبد الحي الدكالي","=""""","=""""",5,4.37,,Kindle Edition,943,2019,1505,2024/05/26,2024/05/26,,,read,,,,1,0
57802947,Radical Focus: Achieving Your Most Important Goals with Objectives and Key Results (Empowered Teams),Christina Wodtke,"Wodtke, Christina",,"=""""","=""""",0,3.97,"Cucina Media, LLC",Kindle Edition,254,2021,2016,,2024/03/11,to-read,to-read (#140),to-read,,,,0,0
39286958,Measure What Matters,John Doerr,"Doerr, John",,"=""""","=""""",5,3.98,Penguin,Kindle Edition,299,2018,2017,2024/03/10,2023/11/05,,,read,,,,1,0
6452796,Drive: The Surprising Truth About What Motivates Us,Daniel H. Pink,"Pink, Daniel H.",,"=""1594488843""","=""9781594488849""",0,3.95,Riverhead Books,Hardcover,242,2009,2009,,2017/08/06,currently-reading,currently-reading (#3),currently-reading,,,,1,0
21285876,Strategic Selling: Secrets of the Complex Sale,Robert B. Miller,"Miller, Robert B.",,"=""1850919518""","=""9781850919513""",0,4.36,Kogan Page Limited,Paperback,0,1989,1989,,2023/07/21,to-read,to-read (#139),to-read,,,,0,0
274192,Dot.Con: The Greatest Story Ever Sold,John Cassidy,"Cassidy, John",,"=""0060008806""","=""9780060008802""",5,3.90,Harper,Hardcover,384,2002,2002,,2022/06/16,,,read,,,,1,0
126850297,Quick Start Guide to Large Language Models: Strategies and Best Practices for Using ChatGPT and Other LLMs (Addison-Wesley Data & Analytics Series),Sinan Ozdemir,"Ozdemir, Sinan",,"=""0138199191""","=""9780138199197""",4,3.64,Addison-Wesley Professional,Paperback,288,2023,,,2023/11/26,,,read,,,,1,0
48018,The Practice of Management,Peter F. Drucker,"Drucker, Peter F.",,"=""0060878975""","=""9780060878979""",0,4.25,Harper Business,Paperback,416,2006,1954,,2024/03/09,to-read,to-read (#138),to-read,,,,0,0
48019,The Effective Executive: The Definitive Guide to Getting the Right Things Done (Harperbusiness Essentials),Peter F. Drucker,"Drucker, Peter F.",,"=""0060833459""","=""9780060833459""",0,4.08,Harper Business,Paperback,208,2006,1966,,2024/03/09,to-read,to-read (#137),to-read,,,,0,0
324750,High Output Management,Andrew S. Grove,"Grove, Andrew S.",,"=""0679762884""","=""9780679762881""",0,4.30,Vintage,Paperback,272,1995,1983,,2024/03/09,to-read,to-read (#136),to-read,,,,0,0
22875447,Work Rules!: Insights from Inside Google That Will Transform How You Live and Lead,Laszlo Bock,"Bock, Laszlo",,"=""1455554790""","=""9781455554799""",0,4.13,Twelve,Hardcover,406,2015,2015,,2024/03/09,to-read,to-read (#135),to-read,,,,0,0
195044214,Quick Start Guide to Large Language Models: Strategies and Best Practices for Using ChatGPT and Other LLMs (Addison-Wesley Data & Analytics Series),Sinan Ozdemir,"Ozdemir, Sinan",,"=""0138199337""","=""9780138199333""",4,3.63,Addison-Wesley Professional,Kindle Edition,288,2023,,,2024/03/05,,,read,,,,1,0
21866821,Lean B2B: Build Products Businesses Want,Étienne Garbugli,"Garbugli, Étienne","François Maisonneuve, Annemarie Vander Veen","=""1495296601""","=""9781495296604""",3,4.17,CreateSpace Independent Publishing Platform,Paperback,270,2014,,,2024/02/27,,,read,,,,1,0
853717,The New Conceptual Selling: The Most Effective and Proven Method for Face-to-Face Sales Planning,Robert B. Miller,"Miller, Robert B.","Stephen E. Heiman, Tad Tuleja, John Philip Coghlan","=""0446695181""","=""9780446695183""",0,3.79,Grand Central Publishing,Paperback,386,2005,1987,,2024/02/25,to-read,to-read (#134),to-read,,,,0,0
4841390,Creativity and Intelligence,Jacob W. Getzels,"Getzels, Jacob W.",,"=""0471297151""","=""9780471297154""",0,4.50,Wiley,Hardcover,293,1962,2011,,2024/02/25,to-read,to-read (#133),to-read,,,,0,0
40389418,Creativity: Flow and the Psychology of Discovery and Invention,Mihály Csíkszentmihályi,"Csíkszentmihályi, Mihály",,"=""0061844039""","=""9780061844034""",0,4.07,HarperCollins e-books,Kindle Edition,466,2009,1996,,2024/02/25,to-read,to-read (#132),to-read,,,,0,0
7090,The Soul of a New Machine,Tracy Kidder,"Kidder, Tracy",,"=""0316491977""","=""9780316491976""",0,4.12,Back Bay Books,Paperback,293,2000,1981,,2024/02/24,to-read,to-read (#131),to-read,,,,0,0
37868583,The Prosperity Paradox: How Innovation Can Lift Nations Out of Poverty,Clayton M. Christensen,"Christensen, Clayton M.","Efosa Ojomo, Karen Dillon","=""0062851837""","=""9780062851833""",0,4.26,Harper Business,Kindle Edition,355,2024,2019,,2024/01/07,to-read,to-read (#130),to-read,,,,0,0
123223197,The AI Whisperer's Code: The Proven Method for Achieving Unbelievable Results Using Chat GPT and AI (LLM Books AI Book 1),Ernesto Verdugo,"Verdugo, Ernesto",Daniel Priestly,"=""""","=""""",0,3.59,,Kindle Edition,369,2023,,,2023/12/19,to-read,to-read (#129),to-read,,,,0,0
13132847,Engineers of Victory: The Problem Solvers Who Turned The Tide in the Second World War,Paul Kennedy,"Kennedy, Paul",,"=""1400067618""","=""9781400067619""",0,3.84,Random House,Hardcover,464,2013,2012,,2023/09/10,to-read,to-read (#128),to-read,,,,0,0
100322,Assata: An Autobiography,Assata Shakur,"Shakur, Assata",,"=""1556520743""","=""9781556520747""",4,4.59,Lawrence Hill Books,Paperback,274,2001,1987,2023/09/09,2022/02/02,,,read,,,,1,0
8712370,From the Sultan to Atatürk: Turkey- The Peace Conferences of 1919-23 and Their Aftermath,Andrew Mango,"Mango, Andrew",,"=""1905791658""","=""9781905791651""",0,3.92,Haus Publishing,Hardcover,240,2010,2010,,2023/08/30,to-read,to-read (#127),to-read,,,,0,0
316363,The Emergence of Modern Turkey (Studies in Middle Eastern History),Bernard Lewis,"Lewis, Bernard",,"=""0195134605""","=""9780195134605""",0,4.16,Oxford University Press,Paperback,568,2001,1969,,2023/08/30,to-read,to-read (#126),to-read,,,,0,0
840043,The Rise and Fall of the Great Powers: Economic Change and Military Conflict from 1500 to 2000,Paul Kennedy,"Kennedy, Paul",,"=""0679720197""","=""9780679720195""",0,4.14,Vintage Books,Paperback,677,1989,1987,,2023/08/30,to-read,to-read (#125),to-read,,,,0,0
17679706,Turkey: A Short History,Norman Stone,"Stone, Norman",,"=""0500290385""","=""9780500290385""",4,3.31,Thames & Hudson,Paperback,192,2014,2011,,2023/08/30,,,read,Good place to start to discover history of Turkey and have a broadview on the timeline and most critical eras. The book met my expectations of a easy and entertaining book to read. For more advanced readers look for references that the author gives at the end of the book.,,,1,0
542389,"Stalingrad: The Fateful Siege, 1942–1943",Antony Beevor,"Beevor, Antony",,"=""0140284583""","=""9780140284584""",0,4.33,Penguin Books,Paperback,494,1999,1998,,2023/04/30,to-read,to-read (#124),to-read,,,,0,0
113934,The Goal: A Process of Ongoing Improvement,Eliyahu M. Goldratt,"Goldratt, Eliyahu M.",Jeff Cox,"=""0884271781""","=""9780884271789""",0,4.08,North River Press,Paperback,384,2004,1984,,2023/03/09,to-read,to-read (#123),to-read,,,,0,0
19605970,The Art of War/The Art of Warfare,Sun Tzu,"Tzu, Sun",,"=""""","=""""",0,4.14,iUniverse,Kindle Edition,143,2002,2002,,2020/05/09,to-read,to-read (#122),to-read,,,,0,0
58009109,The Power Law: Venture Capital and the Making of the New Future,Sebastian Mallaby,"Mallaby, Sebastian",,"=""052555999X""","=""9780525559993""",4,4.43,Penguin Press,Hardcover,496,2022,2022,,2023/01/01,,,read,,,,1,0
59571998,Dangerous Rhythms: Jazz and the Underworld,T.J. English,"English, T.J.",,"=""0063031418""","=""9780063031418""",0,4.13,William Morrow,Hardcover,448,2022,2022,,2023/01/01,to-read,to-read (#121),to-read,,,,0,0
42934086,Unlocking the Customer Value Chain: How Decoupling Drives Consumer Disruption,Thales S. Teixeira,"Teixeira, Thales S.",Greg Piechota,"=""1524763098""","=""9781524763091""",0,4.45,Crown Currency,Kindle Edition,345,2019,2019,,2019/04/04,to-read,to-read (#120),to-read,,,,0,0
27543,Artificial Intelligence: A Modern Approach,Stuart Russell,"Russell, Stuart",Peter Norvig,"=""0137903952""","=""9780137903955""",0,4.20,Prentice Hall,Hardcover,1080,2003,1994,,2020/05/09,to-read,to-read (#119),to-read,,,,0,0
36064445,Skin in the Game: The Hidden Asymmetries in Daily Life,Nassim Nicholas Taleb,"Taleb, Nassim Nicholas",,"=""0241300657""","=""9780241300657""",0,3.91,Allen Lane,Paperback,272,2018,2018,,2020/05/09,to-read,to-read (#118),to-read,,,,0,0
31138556,Homo Deus: A History of Tomorrow,Yuval Noah Harari,"Harari, Yuval Noah",,"=""""","=""""",0,4.19,Harper,ebook,450,2017,2015,,2020/05/09,to-read,to-read (#117),to-read,,,,0,0
38900866,It Doesn't Have to Be Crazy at Work,Jason Fried,"Fried, Jason",David Heinemeier Hansson,"=""0062874780""","=""9780062874788""",0,4.01,Harper Business,Hardcover,240,2018,2018,2022/12/28,2020/05/09,,,read,,,,1,0
11468377,"Thinking, Fast and Slow",Daniel Kahneman,"Kahneman, Daniel",,"=""0374275637""","=""9780374275631""",0,4.17,"Farrar, Straus and Giroux",Hardcover,499,2011,2011,,2020/05/09,to-read,to-read (#116),to-read,,,,0,0
313605,Getting to Yes: Negotiating Agreement Without Giving In,Roger Fisher,"Fisher, Roger","William Ury, Bruce Patton","=""0140157352""","=""9780140157352""",0,3.94,Penguin Group,Paperback,200,1992,1981,2022/12/28,2020/04/12,,,read,,,,1,0
7904927,Mastering the VC Game: A Venture Capital Insider Reveals How to Get from Start-up to IPO on Your Terms,Jeffrey Bussgang,"Bussgang, Jeffrey",,"=""1591843251""","=""9781591843252""",0,3.90,Portfolio,Hardcover,256,2010,2010,,2018/02/10,to-read,to-read (#115),to-read,,,,0,0
41440318,Sales Foundation: A Practical Guide (Productivity Book 7),Sorin Dumitrascu,"Dumitrascu, Sorin",,"=""""","=""""",0,0.0,,Kindle Edition,234,2018,,,2022/12/28,to-read,to-read (#114),to-read,,,,0,0
726546,Tragedy and Hope: A History of the World in Our Time,Carroll Quigley,"Quigley, Carroll",,"=""094500110X""","=""9780945001102""",0,4.33,"G. S. G. & Associates, Incorporated",Hardcover,1348,2004,1966,,2022/09/02,to-read,to-read (#113),to-read,,,,0,0
2305591,"Architects of the Web: 1,000 Days That Built the Future of Business",Rob  Reid,"Reid, Rob",,"=""0471171875""","=""9780471171874""",0,3.72,John Wiley & Sons Inc,Hardcover,370,1997,1997,,2022/06/24,to-read,to-read (#112),to-read,,,,0,0
42348376,Secrets of Sand Hill Road: Venture Capital and How to Get It,Scott Kupor,"Kupor, Scott",Eric Ries,"=""059308358X""","=""9780593083581""",0,4.23,Portfolio,Hardcover,320,2019,2019,,2022/06/16,to-read,to-read (#111),to-read,,,,0,0
52962238,Principles for Dealing with the Changing World Order: Why Nations Succeed and Fail,Ray Dalio,"Dalio, Ray",,"=""1982160276""","=""9781982160272""",0,4.27,Avid Reader Press / Simon & Schuster,Hardcover,576,2021,2021,,2022/06/16,to-read,to-read (#110),to-read,,,,0,0
57933306,Stolen Focus: Why You Can't Pay Attention— and How to Think Deeply Again,Johann Hari,"Hari, Johann",,"=""0593138511""","=""9780593138519""",0,4.23,Crown,Hardcover,357,2022,2022,,2022/06/16,to-read,to-read (#109),to-read,,,,0,0
22571799,Heaven's Bankers: Inside the Hidden World of Islamic Finance,Harris Irfan,"Irfan, Harris",,"=""146831047X""","=""9781468310474""",0,3.89,Abrams Press,Hardcover,368,2015,2014,,2022/03/04,to-read,to-read (#108),to-read,,,,0,0
40102,Blink: The Power of Thinking Without Thinking,Malcolm Gladwell,"Gladwell, Malcolm","Barry Fox, Irina Henegar","=""0316010669""","=""9780316010665""",0,3.96,Back Bay Books,Paperback,296,2007,2005,,2021/07/18,,,read,,,,1,0
2767,A People’s History of the United States: 1492 - Present,Howard Zinn,"Zinn, Howard",,"=""0060838655""","=""9780060838652""",0,4.08,Harper Perennial,Paperback,729,1995,1980,,2022/02/05,to-read,to-read (#107),to-read,,,,0,0
1202,Freakonomics: A Rogue Economist Explores the Hidden Side of Everything,Steven D. Levitt,"Levitt, Steven D.",Stephen J. Dubner,"=""0061234001""","=""9780061234002""",0,4.01,William Morrow,Hardcover,268,2006,2005,,2022/02/05,to-read,to-read (#106),to-read,,,,0,0
91682,Revolutionary Suicide,Huey P. Newton,"Newton, Huey P.",J. Herman Blake,"=""0863163262""","=""9780863163265""",0,4.48,Writers & Readers,Paperback,332,1995,1973,,2022/02/04,to-read,to-read (#105),to-read,,,,0,0
51877,Capitalism and Freedom,Milton Friedman,"Friedman, Milton",,"=""0226264211""","=""9780226264219""",0,3.90,University of Chicago Press,Paperback,208,2002,1962,,2022/02/04,to-read,to-read (#104),to-read,,,,0,0
25698,An Inquiry into the Nature and Causes of the Wealth of Nations,Adam Smith,"Smith, Adam","George J. Stigler, Edwin Cannan","=""0226763749""","=""9780226763743""",0,3.88,University Of Chicago Press,Paperback,1076,1977,1776,,2022/02/04,to-read,to-read (#103),to-read,,,,0,0
42547,"The Autobiography of Martin Luther King, Jr.",Martin Luther King Jr.,"Jr., Martin Luther King",Clayborne Carson,"=""0446676500""","=""9780446676502""",0,4.34,Warner Books,Paperback,400,2001,1986,,2022/02/04,to-read,to-read (#102),to-read,,,,0,0
31071,Martin and Malcolm and America: A Dream or a Nightmare?,James H. Cone,"Cone, James H.",,"=""0883448246""","=""9780883448243""",0,4.41,Orbis Books,Paperback,358,1992,1991,,2022/02/04,to-read,to-read (#101),to-read,,,,0,0
177400,Waiting 'Til the Midnight Hour: A Narrative History of Black Power in America,Peniel E. Joseph,"Joseph, Peniel E.",,"=""0805075399""","=""9780805075397""",0,4.03,Henry Holt and Co.,Hardcover,416,2006,2006,,2022/02/02,to-read,to-read (#100),to-read,,,,0,0
15722514,Black Against Empire: The History and Politics of the Black Panther Party,Joshua Bloom,"Bloom, Joshua",Waldo E. Martin Jr.,"=""0520271858""","=""9780520271852""",0,4.46,University of California Press,Hardcover,552,2013,2013,,2022/02/02,to-read,to-read (#99),to-read,,,,0,0
7170627,The Emperor of All Maladies: A Biography of Cancer,Siddhartha Mukherjee,"Mukherjee, Siddhartha",,"=""""","=""""",0,4.34,Scribner,Hardcover,472,2010,2010,,2022/02/02,to-read,to-read (#98),to-read,,,,0,0
464260,The Fire Next Time,James Baldwin,"Baldwin, James",,"=""067974472X""","=""9780679744726""",0,4.55,Vintage,Paperback,106,1992,1963,,2022/02/02,to-read,to-read (#97),to-read,,,,0,0
193988,La Métamorphose,Franz Kafka,"Kafka, Franz",Claude David,"=""207041437X""","=""9782070414376""",0,3.90,Folio,Mass Market Paperback,144,2000,1915,,2022/02/02,,,read,,,,1,0
3869,A Brief History of Time,Stephen Hawking,"Hawking, Stephen",,"=""0553380168""","=""9780553380163""",4,4.21,Bantam Books,Paperback,226,1998,1988,2022/02/02,2021/07/18,,,read,,,,1,0
55577662,The Key Man: The True Story of How the Global Elite Was Duped by a Capitalist Fairy Tale,Simon     Clark,"Clark, Simon",Will Louch,"=""0062996215""","=""9780062996213""",5,4.19,Harper Business,Hardcover,352,2021,2021,,2021/10/08,,,read,,,,1,0
1841580,Soleil D'Allah Brille Sur L'Occident (Le) (Collections Spiritualites) (French Edition),Sigrid Hunke,"Hunke, Sigrid",,"=""2226093583""","=""9782226093585""",0,4.14,ALBIN MICHEL,Paperback,,1997,1960,,2022/01/29,to-read,to-read (#96),to-read,,,,0,0
45421034,Foresight: How the Chemistry of Life Reveals Planning and Purpose,Marcos Eberlin,"Eberlin, Marcos",,"=""193659966X""","=""9781936599660""",0,4.41,Discovery Institute,Kindle Edition,174,2019,,,2022/01/29,to-read,to-read (#95),to-read,,,,0,0
59351132,Dieu - la science - les preuves: L'aube d'une révolution (French Edition),Michel-Yves Bolloré,"Bolloré, Michel-Yves",,"=""""","=""""",0,3.83,Guy Trédaniel,Kindle Edition,532,2021,2021,,2022/01/29,to-read,to-read (#94),to-read,,,,0,0
26118008,La médiocratie,Alain Deneault,"Deneault, Alain",,"=""2895961956""","=""9782895961956""",0,3.42,Lux,Paperback,224,2015,2015,,2022/01/29,to-read,to-read (#93),to-read,,,,0,0
40121378,Atomic Habits: An Easy & Proven Way to Build Good Habits & Break Bad Ones,James Clear,"Clear, James",,"=""""","=""""",0,4.33,Avery,Kindle Edition,319,2018,2018,,2022/01/16,to-read,to-read (#92),to-read,,,,0,0
25744928,Deep Work: Rules for Focused Success in a Distracted World,Cal Newport,"Newport, Cal",,"=""1455586692""","=""9781455586691""",4,4.16,Grand Central Publishing,Hardcover,296,2016,2016,2022/01/16,2021/07/18,,,read,,,,1,0
36448501,The Bitcoin Standard: The Decentralized Alternative to Central Banking,Saifedean Ammous,"Ammous, Saifedean",,"=""1119473861""","=""9781119473862""",0,4.17,Wiley,Hardcover,304,2018,2018,,2022/01/14,to-read,to-read (#91),to-read,,,,0,0
56962799,The Cold Start Problem: How to Start and Scale Network Effects,Andrew Chen,"Chen, Andrew",,"=""0062969757""","=""9780062969750""",4,4.19,Harper Business,Kindle Edition,395,2021,,2021/12/30,2021/12/05,,,read,,,,1,0
40277241,Brief Answers to the Big Questions,Stephen Hawking,"Hawking, Stephen",,"=""1984819194""","=""9781984819192""",0,4.27,Bantam,Hardcover,256,2018,2018,,2021/12/18,to-read,to-read (#90),to-read,,,,0,0
10631,Sam Walton: Made In America,Sam Walton,"Walton, Sam",John Huey,"=""0553562835""","=""9780553562835""",4,4.15,BANTAM BOOKS,Paperback,346,1993,,,2020/04/12,,,read,,,,1,0
44663857,Histoire de la Tunisie: De Carthage à nos jours (French Edition),Sophie Bessis,"Bessis, Sophie",,"=""""","=""9791021021433""",0,4.22,Tallandier,Kindle Edition,505,2019,,,2021/10/31,currently-reading,currently-reading (#2),currently-reading,,,,1,0
170486,The Wisdom of Teams: Creating the High-Performance Organization,Jon R. Katzenbach,"Katzenbach, Jon R.",Douglas K. Smith,"=""""","=""""",0,3.84,HarperBusiness,Paperback,352,2006,1993,,2021/12/05,to-read,to-read (#89),to-read,,,,0,0
7315573,"Fall of Giants (The Century Trilogy, #1)",Ken Follett,"Follett, Ken",,"=""0525951652""","=""9780525951650""",0,4.32,Viking,Hardcover,985,2010,2010,,2021/10/08,to-read,to-read (#88),to-read,,,,0,0
17118897,Down and Out in Paris and London (Great Orwell),George Orwell,"Orwell, George",,"=""0141393033""","=""9780141393032""",0,4.09,Penguin Classic,Mass Market Paperback,216,2013,1933,,2021/10/08,to-read,to-read (#87),to-read,,,,0,0
5043,"The Pillars of the Earth (Kingsbridge, #1)",Ken Follett,"Follett, Ken",,"=""045122213X""","=""9780451222138""",0,4.35,Penguin Books,Paperback,976,2007,1989,,2021/10/08,to-read,to-read (#86),to-read,,,,0,0
92057,The Autobiography of Malcolm X,Malcolm X,"X, Malcolm",Alex Haley,"=""""","=""""",5,4.37,Ballantine Books,Mass Market Paperback,466,2015,1965,,2021/07/18,,,read,,,,1,0
13435889,"How Children Succeed: Grit, Curiosity, and the Hidden Power of Character",Paul Tough,"Tough, Paul",,"=""0547564651""","=""9780547564654""",0,3.89,Mariner Books,Hardcover,231,2012,2012,,2021/07/18,to-read,to-read (#85),to-read,,,,0,0
56997619,Thrivers,Michele Borba,"Borba, Michele",,"=""0593085280""","=""9780593085288""",0,4.05,Putnam Adult,Kindle Edition,320,2021,,,2021/07/18,to-read,to-read (#84),to-read,,,,0,0
40796147,How To Raise Successful People: Simple Lessons for Radical Results,Esther Wojcicki,"Wojcicki, Esther",Естер Войчицькі,"=""1328974863""","=""9781328974860""",0,3.92,Mariner Books,Hardcover,336,2019,2019,,2021/07/18,to-read,to-read (#83),to-read,,,,0,0
25814503,UnSelfie: Why Empathetic Kids Succeed in Our All-About-Me World,Michele Borba,"Borba, Michele",,"=""1501110039""","=""9781501110030""",0,3.88,Touchstone,Hardcover,288,2016,2016,,2021/07/18,to-read,to-read (#82),to-read,,,,0,0
35457692,The Self-Driven Child: The Science and Sense of Giving Your Kids More Control Over Their Lives,William Stixrud,"Stixrud, William",Ned Johnson,"=""0735222517""","=""9780735222519""",0,4.34,Viking,Hardcover,384,2018,2018,,2021/07/18,to-read,to-read (#81),to-read,,,,0,0
23168823,How to Raise an Adult: Break Free of the Overparenting Trap and Prepare Your Kid for Success,Julie Lythcott-Haims,"Lythcott-Haims, Julie",,"=""1627791779""","=""9781627791779""",0,4.08,Henry Holt and Co.,Hardcover,368,2015,2015,,2021/07/18,to-read,to-read (#80),to-read,,,,0,0
29430725,How to Talk So Little Kids Will Listen: A Survival Guide to Life with Children Ages 2-7,Joanna Faber,"Faber, Joanna",Julie King,"=""1501131656""","=""9781501131653""",0,4.39,Scribner,Hardcover,385,2017,2017,,2021/07/18,to-read,to-read (#79),to-read,,,,0,0
287362,"Suzuki Guitar School, Vol 1: Guitar Part",Seth Himmelhoch,"Himmelhoch, Seth","Andrew LaFreniere, Louis Brown","=""0874873886""","=""9780874873887""",0,4.38,SUZUKI,Paperback,24,1999,1995,,2021/07/18,to-read,to-read (#78),to-read,,,,0,0
1180058,Young Children's Talent Education & Its Method,Shinichi Suzuki,"Suzuki, Shinichi",Kyoko Selden,"=""0874877709""","=""9780874877700""",0,3.83,Alfred Music,Paperback,72,1996,1996,,2021/07/18,to-read,to-read (#77),to-read,,,,0,0
177508,Nurtured by Love: The Classic Approach to Talent Education,Shinichi Suzuki,"Suzuki, Shinichi",Waltraud Suzuki,"=""0874875846""","=""9780874875843""",0,4.10,Alfred Music,Paperback,108,1993,1966,,2021/07/18,to-read,to-read (#76),to-read,,,,0,0
10852285,"If I Have to Tell You One More Time. . .: The Revolutionary Program That Gets Your Kids To Listen Without Nagging, Reminding, or Yelling",Amy McCready,"McCready, Amy",,"=""1585428647""","=""9781585428649""",0,4.10,Tarcher,Hardcover,320,2011,2011,,2021/07/18,to-read,to-read (#75),to-read,,,,0,0
35133297,"No More Mean Girls: The Secret to Raising Strong, Confident, and Compassionate Girls",Katie Hurley,"Hurley, Katie",,"=""0143130862""","=""9780143130864""",0,3.97,Tarcher,Paperback,336,2018,,,2021/07/18,to-read,to-read (#74),to-read,,,,0,0
18813645,The Gift of Failure: How the Best Parents Learn to Let Go So Their Children Can Succeed,Jessica Lahey,"Lahey, Jessica",,"=""0062299239""","=""9780062299239""",0,4.14,Harper,Hardcover,243,2015,2014,,2021/07/18,to-read,to-read (#73),to-read,,,,0,0
10353369,The Whole-Brain Child: Revolutionary Strategies to Nurture Your Child's Developing Mind,Daniel J. Siegel,"Siegel, Daniel J.",Tina Payne Bryson,"=""0553807919""","=""9780553807912""",0,4.27,Delacorte Press,Hardcover,192,2011,2011,,2021/07/18,to-read,to-read (#72),to-read,,,,0,0
188497,"Positive Discipline: The Classic Guide to Helping Children Develop Self-Discipline, Responsibility, Cooperation, and Problem-Solving Skills",Jane Nelsen,"Nelsen, Jane",,"=""0345487672""","=""9780345487674""",0,4.24,Ballantine Books,Paperback,349,2006,1981,,2021/07/18,to-read,to-read (#71),to-read,,,,0,0
2547,The Prophet,Kahlil Gibran,"Gibran, Kahlil",,"=""000100039X""","=""9780001000391""",0,4.23,Rupa & Co,Paperback,127,2003,1923,,2021/07/18,to-read,to-read (#70),to-read,,,,0,0
4473,A Prayer for Owen Meany,John Irving,"Irving, John",,"=""0552135399""","=""9780552135399""",0,4.24,Black Swan,Paperback,637,1990,1989,,2021/07/18,to-read,to-read (#69),to-read,,,,0,0
41817486,A Clockwork Orange,Anthony Burgess,"Burgess, Anthony",,"=""0393341763""","=""9780393341768""",0,4.00,W. W. Norton & Company,Paperback,240,2019,1962,,2021/07/18,to-read,to-read (#68),to-read,,,,0,0
7144,Crime and Punishment,Fyodor Dostoevsky,"Dostoevsky, Fyodor","David McDuff, Joseph Frank","=""""","=""""",0,4.28,Penguin,Paperback,671,2002,1866,,2021/07/18,to-read,to-read (#67),to-read,,,,0,0
5129,Brave New World,Aldous Huxley,"Huxley, Aldous",,"=""0060929871""","=""9780060929879""",0,4.00,HarperPerennial / Perennial Classics,Paperback,268,1998,1932,,2021/07/18,to-read,to-read (#66),to-read,,,,0,0
5479,Brave New World and Brave New World Revisited,Aldous Huxley,"Huxley, Aldous",Christopher Hitchens,"=""0060776099""","=""9780060776091""",0,4.00,Harper Perennial Modern Classics,Paperback,340,2005,1932,,2021/07/18,to-read,to-read (#65),to-read,,,,0,0
13525945,So Good They Can't Ignore You: Why Skills Trump Passion in the Quest for Work You Love,Cal Newport,"Newport, Cal",,"=""1455509108""","=""9781455509102""",0,4.07,Business Plus,Kindle Edition,288,2012,2012,,2021/07/13,to-read,to-read (#64),to-read,,,,0,0
5771014,"The Talent Code: Unlocking the Secret of Skill in Sports, Art, Music, Math, and Just About Everything Else",Daniel Coyle,"Coyle, Daniel",John Farrell,"=""1598878735""","=""9781598878738""",4,4.03,HighBridge Company,Audio CD,288,2009,2009,,2021/07/08,,,read,,,,1,0
33517721,The Culture Code: The Secrets of Highly Successful Groups,Daniel Coyle,"Coyle, Daniel",,"=""0804176981""","=""9780804176989""",5,4.25,Bantam,Hardcover,304,2018,2017,,2021/05/15,,,read,,,,1,0
48890486,Breath: The New Science of a Lost Art,James Nestor,"Nestor, James",,"=""0735213615""","=""9780735213616""",5,4.15,Riverhead Books,Hardcover,280,2020,2020,2021/06/12,2021/05/15,,,read,,,,1,0
40672036,Digital Minimalism: Choosing a Focused Life in a Noisy World,Cal Newport,"Newport, Cal",,"=""052553654X""","=""""",5,4.06,Portfolio,Kindle Edition,302,2019,2019,,2021/05/15,,,read,,,,1,0
4122,"Built to Last: Successful Habits of Visionary Companies (Good to Great, 2)",Jim Collins,"Collins, Jim",Jerry I. Porras,"=""0060566108""","=""9780060566104""",5,4.06,Harper Business,Hardcover,368,2004,1994,2021/05/31,2020/04/12,,,read,,,,2,0
30962055,Irresistible: The Rise of Addictive Technology and the Business of Keeping Us Hooked,Adam Alter,"Alter, Adam",,"=""1594206643""","=""9781594206641""",0,3.85,Penguin Press,Hardcover,368,2017,2017,,2021/05/16,to-read,to-read (#63),to-read,,,,0,0
15811497,"Drunk Tank Pink: And Other Unexpected Forces that Shape How We Think, Feel, and Behave",Adam Alter,"Alter, Adam",,"=""1594204543""","=""9781594204548""",0,3.56,Penguin Press,Hardcover,272,2013,2013,,2021/05/16,to-read,to-read (#62),to-read,,,,0,0
45892276,You're Not Listening: What You're Missing and Why It Matters,Kate   Murphy,"Murphy, Kate",,"=""1250297192""","=""9781250297198""",0,4.08,Celadon Books,Hardcover,278,2020,2020,,2021/05/15,to-read,to-read (#61),to-read,,,,0,0
25614523,Originals: How Non-Conformists Move the World,Adam M. Grant,"Grant, Adam M.",,"=""0525429565""","=""9780525429562""",0,3.95,Viking,Hardcover,326,2016,2016,,2021/05/15,to-read,to-read (#60),to-read,,,,0,0
38398157,Blitzscaling: The Lightning-Fast Path to Building Massively Valuable Companies,Reid Hoffman,"Hoffman, Reid","Chris Yeh, Bill  Gates","=""1524761419""","=""9781524761417""",0,3.96,Crown Currency,Hardcover,336,2018,2018,,2021/05/15,to-read,to-read (#59),to-read,,,,0,0
55333978,Post Corona: From Crisis to Opportunity,Scott Galloway,"Galloway, Scott",,"=""0593332210""","=""9780593332214""",0,3.96,Portfolio,Hardcover,256,2020,2020,,2021/05/15,to-read,to-read (#58),to-read,,,,0,0
50772888,No Filter: The Inside Story of Instagram,Sarah Frier,"Frier, Sarah",,"=""1982126809""","=""9781982126803""",0,4.11,Simon & Schuster,Hardcover,352,2020,2020,,2021/05/15,to-read,to-read (#57),to-read,,,,0,0
38390751,The Infinite Game,Simon Sinek,"Sinek, Simon",,"=""073521350X""","=""9780735213500""",0,4.17,Portfolio,Hardcover,251,2019,2017,,2021/05/15,to-read,to-read (#56),to-read,,,,0,0
55539565,Think Again: The Power of Knowing What You Don't Know,Adam M. Grant,"Grant, Adam M.",,"=""1984878107""","=""9781984878106""",0,4.13,Viking Books,Hardcover,307,2021,2021,,2021/05/15,to-read,to-read (#55),to-read,,,,0,0
8520610,Quiet: The Power of Introverts in a World That Can't Stop Talking,Susan Cain,"Cain, Susan",,"=""0307352145""","=""9780307352149""",0,4.08,"Crown Publishing Group/Random House, Inc.",Hardcover,333,2012,2012,,2021/05/15,to-read,to-read (#54),to-read,,,,0,0
35133922,Educated,Tara Westover,"Westover, Tara",,"=""0399590501""","=""9780399590504""",0,4.47,Random House,Hardcover,352,2018,2018,,2021/05/15,to-read,to-read (#53),to-read,,,,0,0
54814834,Under a White Sky: The Nature of the Future,Elizabeth Kolbert,"Kolbert, Elizabeth",,"=""0593136276""","=""9780593136270""",0,4.10,Crown,Hardcover,234,2021,2021,,2021/05/15,to-read,to-read (#52),to-read,,,,0,0
1454170,Éthique à Nicomaque,Aristotle,"Aristotle, Aristotle",Aristote,"=""271160022X""","=""9782711600229""",0,4.00,Librairie Philosophique J. Vrin,Paperback,532,1990,-350,,2021/04/01,to-read,to-read (#51),to-read,,,,0,0
1519576,L'existentialisme est un humanisme : Sartre (Philo-textes),Arnaud Tomes,"Tomes, Arnaud",,"=""2729899294""","=""9782729899295""",0,3.55,ELLIPSES,Paperback,64,1999,1999,,2021/04/01,to-read,to-read (#50),to-read,,,,0,0
774027,La Chute,Albert Camus,"Camus, Albert",,"=""2070360105""","=""9782070360109""",0,4.03,Gallimard,Mass Market Paperback,160,1972,1956,,2021/04/01,to-read,to-read (#49),to-read,,,,0,0
1484007,Par-delà le bien et le mal,Friedrich Nietzsche,"Nietzsche, Friedrich","Marc Sautet, Henri Albert","=""2253056146""","=""9782253056140""",0,4.03,Le Livre de Poche,Mass Market Paperback,413,1991,1886,,2021/04/01,to-read,to-read (#48),to-read,,,,0,0
22682238,"Le Prince de Nicolas Machiavel, Traduit & Commenté (Éd.1684) (Philosophie) (French Edition)",Niccolò Machiavelli,"Machiavelli, Niccolò",,"=""2012570852""","=""9782012570856""",0,3.84,Hachette Livre Bnf,Paperback,314,2012,1513,,2021/04/01,to-read,to-read (#47),to-read,,,,0,0
18952284,Marc-Aurèle - Pensées pour moi-même,Marcus Aurelius,"Aurelius, Marcus","Ernest Renan, Gaston Boissier, Auguste Couat, Jules Barthélemy-Saint-Hilaire","=""2917628987""","=""""",0,4.28,Editions la Bibliothèque Digitale,Kindle Edition,589,2012,180,,2021/04/01,to-read,to-read (#46),to-read,,,,0,0
42921509,The Book of Disappearance,Ibtisam Azem,"Azem, Ibtisam",Sinan Antoon,"=""0815611110""","=""9780815611110""",0,4.13,Syracuse University Press,Paperback,256,2019,2014,,2021/03/04,to-read,to-read (#45),to-read,,,,0,0
16104331,Iron Curtain: The Crushing of Eastern Europe 1944-56,Anne Applebaum,"Applebaum, Anne",,"=""""","=""""",0,4.08,Penguin Books,Paperback,613,2013,2012,,2021/01/26,currently-reading,currently-reading (#1),currently-reading,,,,1,0
49128526,T-Minus AI: Humanity's Countdown to Artificial Intelligence and the New Pursuit of Global Power,Michael Kanaan,"Kanaan, Michael",,"=""1948836947""","=""9781948836944""",0,3.76,BenBella Books,Hardcover,304,2020,,,2021/02/24,to-read,to-read (#44),to-read,,,,0,0
17910054,The Sixth Extinction: An Unnatural History,Elizabeth Kolbert,"Kolbert, Elizabeth",,"=""0805092994""","=""9780805092998""",5,4.15,Henry Holt and Co. (Georg von Holtzbrinck),Hardcover,336,2014,2014,,2021/01/26,,,read,,,,1,0
770754,La peste,Albert Camus,"Camus, Albert",,"=""""","=""""",4,4.02,Folio,Mass Market Paperback,279,1972,1947,,2021/01/26,,,read,,,,1,0
40961427,1984,George Orwell,"Orwell, George",,"=""""","=""""",4,4.20,Houghton Mifflin Harcourt,ebook,298,2013,1949,2021/01/17,2020/12/25,,,read,,,,1,0
17383958,"Winning from Within: A Breakthrough Method for Leading, Living, and Lasting Change",Erica Ariel Fox,"Fox, Erica Ariel",,"=""0062213024""","=""9780062213020""",0,3.79,Harper Business,Hardcover,384,2013,2013,,2020/12/26,to-read,to-read (#43),to-read,,,,0,0
41881472,The Psychology of Money,Morgan Housel,"Housel, Morgan",,"=""0857197681""","=""9780857197689""",0,4.29,Harriman House,Paperback,242,2020,2020,,2020/12/26,to-read,to-read (#42),to-read,,,,0,0
213280,Setting the Table: The Transforming Power of Hospitality in Business,Danny  Meyer,"Meyer, Danny",,"=""""","=""""",0,4.04,Harper,Hardcover,336,2006,2006,,2020/12/26,to-read,to-read (#41),to-read,,,,0,0
28186015,Weapons of Math Destruction: How Big Data Increases Inequality and Threatens Democracy,Cathy O'Neil,"O'Neil, Cathy",,"=""0553418815""","=""9780553418811""",0,3.87,Crown,Hardcover,259,2016,2016,,2020/12/26,to-read,to-read (#40),to-read,,,,0,0
3636,"The Giver (The Giver, #1)",Lois Lowry,"Lowry, Lois",,"=""0385732554""","=""9780385732550""",0,4.12,Ember,Paperback,208,2006,1993,,2020/12/25,to-read,to-read (#39),to-read,,,,0,0
7624,Lord of the Flies,William Golding,"Golding, William",,"=""0140283331""","=""9780140283334""",0,3.70,Penguin Books ,Paperback,182,1999,1954,,2020/12/25,to-read,to-read (#38),to-read,,,,0,0
4671,The Great Gatsby,F. Scott Fitzgerald,"Fitzgerald, F. Scott",,"=""0743273567""","=""9780743273565""",0,3.93,Scribner,Paperback,180,1925,1925,,2020/12/25,to-read,to-read (#37),to-read,,,,0,0
2657,To Kill a Mockingbird,Harper Lee,"Lee, Harper",,"=""0060935464""","=""9780060935467""",0,4.26,Harper Perennial Modern Classics ,Paperback,323,2006,1960,,2020/12/25,to-read,to-read (#36),to-read,,,,0,0
25733966,Smarter Faster Better: The Secrets of Being Productive in Life and Business,Charles Duhigg,"Duhigg, Charles",,"=""081299339X""","=""9780812993394""",0,3.90,Random House,Hardcover,400,2016,2016,,2020/11/23,to-read,to-read (#35),to-read,,,,0,0
12609433,The Power of Habit: Why We Do What We Do in Life and Business,Charles Duhigg,"Duhigg, Charles",,"=""1400069289""","=""9781400069286""",0,4.13,Random House,Hardcover,375,2012,2012,,2020/11/23,to-read,to-read (#34),to-read,,,,0,0
324735,eBoys: The First Inside Account of Venture Capitalists at Work,Randall E. Stross,"Stross, Randall E.",,"=""0345428897""","=""9780345428899""",0,4.07,Ballantine Books,Paperback,352,2001,2000,,2020/11/23,to-read,to-read (#33),to-read,,,,0,0
13573052,"The Launch Pad: Inside Y Combinator, Silicon Valley's Most Exclusive School for Startups",Randall E. Stross,"Stross, Randall E.",,"=""0449807878""","=""9780449807873""",0,4.04,Random House Audio,Audio,304,2012,2012,,2020/11/23,to-read,to-read (#32),to-read,,,,0,0
1724088,Valley Boy: The Education of Tom Perkins,Tom  Perkins,"Perkins, Tom",,"=""1592403131""","=""9781592403134""",0,3.69,Gotham,Hardcover,304,2007,2007,,2020/11/23,to-read,to-read (#31),to-read,,,,0,0
61336,"Inside the Tornado: Strategies for Developing, Leveraging, and Surviving Hypergrowth Markets (Collins Business Essentials)",Geoffrey A. Moore,"Moore, Geoffrey A.",,"=""0060745819""","=""9780060745813""",0,3.98,Harper Business,Paperback,272,2005,1995,,2020/06/04,to-read,to-read (#30),to-read,,,,0,0
61329,Crossing the Chasm: Marketing and Selling High-Tech Products to Mainstream Customers,Geoffrey A. Moore,"Moore, Geoffrey A.",Regis McKenna,"=""0060517123""","=""9780060517120""",5,4.02,HarperBusiness,Paperback,211,2006,2006,2020/06/04,2020/05/30,,,read,,,,1,0
40479164,Applied Artificial Intelligence: An Introduction For Business Leaders,Mariya Yao,"Yao, Mariya","Adelyn Zhou, Marlene Jia","=""0998289051""","=""9780998289052""",4,3.57,TOPBOTS,Kindle Edition,201,2018,,,2020/05/11,,,read,,,,1,0
6044398,Within the Frame: The Journey of Photographic Vision,David duChemin,"duChemin, David",Joe McNally,"=""0321605020""","=""9780321605023""",4,4.18,New Riders Pub,Paperback,254,2009,,,2020/05/09,,,read,,,,1,0
9536015,The Art of Photography: An Approach to Personal Expression,Bruce Barnbaum,"Barnbaum, Bruce",,"=""1933952687""","=""9781933952680""",5,4.27,Rocky Nook,Paperback,364,2010,1994,,2020/05/09,,,read,,,,1,0
16033602,Lean Analytics: Use Data to Build a Better Startup Faster,Alistair Croll,"Croll, Alistair",Benjamin Yoskovitz,"=""1449335675""","=""9781449335670""",0,4.10,O'Reilly Media,Hardcover,440,2013,2013,,2020/05/09,to-read,to-read (#29),to-read,,,,0,0
26156469,Never Split the Difference: Negotiating As If Your Life Depended On It,Chris Voss,"Voss, Chris",Tahl Raz,"=""0062407805""","=""9780062407801""",0,4.35,Harper Business,Hardcover,274,2016,2016,,2020/05/09,to-read,to-read (#28),to-read,,,,0,0
7696135,Making Ideas Happen: Overcoming the Obstacles Between Vision and Reality,Scott Belsky,"Belsky, Scott",,"=""159184312X""","=""9781591843122""",0,4.08,Portfolio,Hardcover,256,2010,2010,,2020/05/09,to-read,to-read (#27),to-read,,,,0,0
78428,Your Money or Your Life,Joe Dominguez,"Dominguez, Joe",Vicki Robin,"=""0140286780""","=""9780140286786""",0,3.99,Penguin Books,Paperback,400,1999,1992,,2020/05/09,to-read,to-read (#26),to-read,,,,0,0
6474550,Crush It!: Why Now Is the Time to Cash In on Your Passion,Gary Vaynerchuk,"Vaynerchuk, Gary",,"=""0061914177""","=""9780061914171""",0,3.87,HarperCollins,Hardcover,142,2009,2001,,2020/05/09,to-read,to-read (#25),to-read,,,,0,0
9484114,The Happiness Advantage: The Seven Principles of Positive Psychology That Fuel Success and Performance at Work,Shawn Achor,"Achor, Shawn",,"=""0307591565""","=""9780307591562""",0,4.13,Crown Business,ebook,272,2010,2010,,2020/05/09,to-read,to-read (#24),to-read,,,,0,0
76865,Good to Great: Why Some Companies Make the Leap... and Others Don't,Jim Collins,"Collins, Jim",,"=""0066620996""","=""9780066620992""",0,4.12,Harper Business,Hardcover,300,2001,2001,,2020/05/09,to-read,to-read (#23),to-read,,,,0,0
12672988,Finding Your Way in a Wild New World: Reclaim Your True Nature to Create the Life You Want,Martha N. Beck,"Beck, Martha N.",,"=""1451624484""","=""9781451624489""",0,4.11,Atria Books,Hardcover,320,2011,2011,,2020/05/09,to-read,to-read (#22),to-read,,,,0,0
9895917,"Enchantment: The Art of Changing Hearts, Minds, and Actions",Guy Kawasaki,"Kawasaki, Guy",,"=""1591843790""","=""9781591843795""",0,3.74,Portfolio,Hardcover,211,2011,2011,,2020/05/09,to-read,to-read (#21),to-read,,,,0,0
12977680,The Fire Starter Sessions: A Soulful + Practical Guide to Creating Success on Your Own Terms,Danielle LaPorte,"LaPorte, Danielle",,"=""030795210X""","=""9780307952103""",0,4.06,Harmony,Hardcover,368,2012,2012,,2020/05/09,to-read,to-read (#20),to-read,,,,0,0
2477223,Managing Oneself (Harvard Business Review Classics),Peter F. Drucker,"Drucker, Peter F.",,"=""142212312X""","=""9781422123126""",0,3.98,Harvard Business Press,Paperback,72,2008,1999,,2020/05/09,to-read,to-read (#19),to-read,,,,0,0
767171,The Rise and Fall of the Third Reich: A History of Nazi Germany,William L. Shirer,"Shirer, William L.",,"=""0671728687""","=""9780671728687""",0,4.22,Simon & Schuster,Mass Market Paperback,1147,1990,1960,,2020/05/09,to-read,to-read (#18),to-read,,,,0,0
25622861,Platform Revolution: How Networked Markets Are Transforming the Economy―and How to Make Them Work for You,Geoffrey G. Parker,"Parker, Geoffrey G.","Marshall W. Van Alstyne, Sangeet Paul Choudary","=""0393249131""","=""9780393249132""",5,4.04,W. W. Norton & Company,Hardcover,352,2016,2016,,2018/05/19,,,read,,,,1,0
142239,Understanding Exposure: How to Shoot Great Photographs with a Film or Digital Camera,Bryan Peterson,"Peterson, Bryan",,"=""0817463003""","=""9780817463007""",0,4.32,Amphoto Books,Paperback,160,2004,1990,,2017/07/26,,,read,,,,1,0
41795733,Range: Why Generalists Triumph in a Specialized World,David   Epstein,"Epstein, David",,"=""0735214484""","=""9780735214484""",4,4.13,Riverhead Books,Hardcover,339,2019,2019,,2020/04/16,,,read,,,,1,0
15852325,How Will You Measure Your Life?,Clayton M. Christensen,"Christensen, Clayton M.",,"=""""","=""""",0,4.05,HarperBusiness,Kindle Edition,239,2012,2012,,2020/04/16,to-read,to-read (#17),to-read,,,,0,0
18176747,The Hard Thing About Hard Things: Building a Business When There Are No Easy Answers―Straight Talk on the Challenges of Entrepreneurship,Ben Horowitz,"Horowitz, Ben",,"=""0062273205""","=""9780062273208""",0,4.21,Harper Business,Hardcover,304,2014,2014,,2019/01/20,to-read,to-read (#16),to-read,,,,0,0
9206976,"Speaking Up Without Freaking Out: 25 Techniques For Confident, Calm, And Competent Presenting",Matthew Abrahams,"Abrahams, Matthew",Matt Abrahams,"=""""","=""""",0,4.13,Kendall Hunt Publishing Co.,Unknown Binding,63,2010,2010,,2018/11/11,to-read,to-read (#15),to-read,,,,0,0
12935037,Principles: Summary,Ray Dalio,"Dalio, Ray",,"=""""","=""""",0,4.10,www.bwater.com,ebook,106,2011,2011,,2018/08/20,to-read,to-read (#14),to-read,,,,0,0
18934630,Valuation: Measuring and Managing the Value of Companies (Wiley Finance Book 497),Tim Koller,"Koller, Tim","Marc Goedhart, David Wessels, McKinsey & Company Inc.","=""""","=""""",4,4.29,Wiley,Kindle Edition,1250,2010,1990,,2017/07/26,,,read,,,,1,0
2153798,The Digital Photography Book (Volume 2),Scott Kelby,"Kelby, Scott",,"=""0321524764""","=""9780321524768""",4,4.13,Peachpit Press,Paperback,240,2008,2007,,2017/07/26,,,read,,,,1,0
5803575,The Digital Photography Book (Volume 3),Scott Kelby,"Kelby, Scott",,"=""0321617657""","=""9780321617651""",4,4.17,Peachpit Press,Paperback,264,2009,2009,,2017/07/26,,,read,,,,1,0
10457933,The Digital Photography Book (Volume 4),Scott Kelby,"Kelby, Scott",,"=""0321773020""","=""9780321773029""",4,4.32,Peachpit Pr,Paperback,240,2012,2012,,2017/07/26,,,read,,,,1,0
39078993,Digitally Transforming the Mortgage Banking Industry: The Maverick's Quest for Outstanding Profit and Customer Satisfaction,James M Deitch,"Deitch, James M",,"=""1985668173""","=""9781985668171""",0,1.00,CreateSpace Independent Publishing Platform,Paperback,272,2018,,,2018/05/20,to-read,to-read (#13),to-read,,,,0,0
3646,Invisible Engines: How Software Platforms Drive Innovation and Transform Industries,David S.  Evans,"Evans, David S.","Richard Schmalensee, Andrei Hagiu","=""0262050854""","=""9780262050852""",0,3.69,Mit Pr,Hardcover,395,2006,2006,,2018/05/19,to-read,to-read (#12),to-read,,,,0,0
32999998,Platform Capitalism,Nick Srnicek,"Srnicek, Nick",,"=""""","=""""",0,3.92,Polity,Paperback,171,2016,2016,,2018/05/12,to-read,to-read (#11),to-read,,,,0,0
27277141,Matchmakers: The New Economics of Multisided Platforms,David S.  Evans,"Evans, David S.",Richard Schmalensee,"=""1633691721""","=""9781633691728""",0,3.84,Harvard Business Review Press,Hardcover,272,2016,,,2018/05/12,to-read,to-read (#10),to-read,,,,0,0
22174460,The Age of Cryptocurrency: How Bitcoin and Digital Money Are Challenging the Global Economic Order,Paul Vigna,"Vigna, Paul",Michael J. Casey,"=""1250065631""","=""9781250065636""",4,3.83,St. Martin's Press,Hardcover,368,2015,2015,2018/02/17,2017/11/09,,,read,,,,1,0
23692271,Sapiens: A Brief History of Humankind,Yuval Noah Harari,"Harari, Yuval Noah",,"=""""","=""""",0,4.34,Vintage,Paperback,512,2015,2011,,2018/02/17,to-read,to-read (#9),to-read,,,,0,0
6732019,Rework,Jason Fried,"Fried, Jason",David Heinemeier Hansson,"=""0307463745""","=""9780307463746""",5,3.98,Crown Currency,Hardcover,279,2010,2010,,2016/08/05,,,read,,,,1,0
513523,The Photographer's Eye: Composition and Design for Better Digital Photos,Michael   Freeman,"Freeman, Michael",,"=""0240809343""","=""9780240809342""",5,4.16,Focal Press,Paperback,192,2007,2007,,2016/08/05,,,read,,,,1,0
17316682,Remote: Office Not Required,David Heinemeier Hansson,"Hansson, David Heinemeier","Jason Fried, Rebecca Lowman","=""0804148996""","=""9780804148993""",5,3.80,Random House Audio,Audiobook,256,2013,2013,,2016/08/05,,,read,,,,1,0
1633,Getting Things Done: The Art of Stress-Free Productivity,David    Allen,"Allen, David",,"=""0142000280""","=""9780142000281""",4,4.01,Penguin Books,Paperback,267,2002,2001,,2016/08/05,,,read,,,,1,0
27036528,Ego Is the Enemy,Ryan Holiday,"Holiday, Ryan",,"=""1591847818""","=""9781591847816""",3,4.14,Portfolio,Hardcover,226,2016,2016,,2017/07/26,,,read,,,,1,0
29939161,Radical Candor: Be a Kickass Boss Without Losing Your Humanity,Kim Malone Scott,"Scott, Kim Malone",,"=""1250103509""","=""9781250103505""",4,4.06,St. Martin's Press,Hardcover,336,2017,2017,,2017/07/26,,,read,,,,2,0
11865558,Venture Deals: Be Smarter Than Your Lawyer and Venture Capitalist,Brad Feld,"Feld, Brad",Jason Mendelson,"=""0470929820""","=""9780470929827""",5,4.11,Wiley,Hardcover,240,2011,2011,2018/02/17,2018/02/10,,,read,,,,1,0
16144853,Leaders Eat Last: Why Some Teams Pull Together and Others Don't,Simon Sinek,"Sinek, Simon",,"=""1591845327""","=""9781591845324""",0,4.09,Portfolio,Hardcover,350,2014,2014,,2017/11/20,to-read,to-read (#8),to-read,,,,0,0
17660462,The Everything Store: Jeff Bezos and the Age of Amazon,Brad Stone,"Stone, Brad",,"=""0316219266""","=""9780316219266""",5,4.14,"Little, Brown and Company",Hardcover,384,2013,2013,2017/11/15,2017/08/06,,,read,,,,1,0
1735455,Stanley H. Kaplan: Test Pilot: How I broke testing barriers for millions of students and caused a sonic boom in the business of education,Stanley H. Kaplan,"Kaplan, Stanley H.",,"=""074320168X""","=""9780743201681""",0,3.23,Kaplan Publishing,Hardcover,176,2001,2001,,2017/11/14,to-read,to-read (#7),to-read,,,,0,0
34267304,The Startup Way: How Modern Companies Use Entrepreneurial Management to Transform Culture and Drive Long-Term Growth,Eric Ries,"Ries, Eric",,"=""0147523303""","=""9780147523303""",0,3.98,Random House Audio,Audio CD,400,2017,2017,,2017/11/09,to-read,to-read (#6),to-read,,,,0,0
29452533,Bitcoin and Cryptocurrency Technologies: A Comprehensive Introduction,Arvind Narayanan,"Narayanan, Arvind","Joseph Bonneau, Edward Felten, Andrew Miller, Steven Goldfeder","=""0691171696""","=""9780691171692""",0,4.30,Princeton University Press,Hardcover,336,2016,2016,,2017/11/09,to-read,to-read (#5),to-read,,,,0,0
12605157,"The $100 Startup: Reinvent the Way You Make a Living, Do What You Love, and Create a New Future",Chris Guillebeau,"Guillebeau, Chris",,"=""0307951529""","=""9780307951526""",0,3.89,Crown Currency,Hardcover,268,2012,2012,,2017/08/08,to-read,to-read (#4),to-read,,,,0,0
2693801,History of Art,H.W. Janson,"Janson, H.W.",Anthony F. Janson,"=""0500237514""","=""9780500237519""",0,3.79,Thames and Hudson,Hardcover,1000,1997,1962,,2017/08/08,to-read,to-read (#3),to-read,,,,0,0
25814544,Sprint: How to Solve Big Problems and Test New Ideas in Just Five Days,Jake Knapp,"Knapp, Jake","John Zeratsky, Braden Kowitz","=""""","=""9781501121746""",0,4.19,Simon & Schuster,Hardcover,274,2016,2016,,2017/08/08,to-read,to-read (#2),to-read,,,,0,0
18668059,The Obstacle Is the Way: The Timeless Art of Turning Trials into Triumph,Ryan Holiday,"Holiday, Ryan",,"=""1591846358""","=""9781591846352""",0,4.15,Portfolio,Hardcover,201,2014,2014,,2017/07/26,,,read,,,,1,0
98233,Founders at Work: Stories of Startups' Early Days,Jessica Livingston,"Livingston, Jessica",,"=""1590597141""","=""9781590597149""",0,4.02,Apress,Hardcover,456,2007,2001,,2017/07/26,to-read,to-read (#1),to-read,,,,0,0
92833,The Digital Photography Book (Volume 1),Scott Kelby,"Kelby, Scott",,"=""032147404X""","=""9780321474049""",4,4.10,Peachpit Pr,Paperback,219,2006,2006,,2017/07/26,,,read,,,,1,0
10127019,The Lean Startup,Eric Ries,"Ries, Eric",,"=""0307887898""","=""9780307887894""",5,4.11,Best Business,Hardcover,299,2011,2011,,2016/08/05,,,read,,,,1,0
18050143,"Zero to One: Notes on Startups, or How to Build the Future",Peter Thiel,"Thiel, Peter",Blake  Masters,"=""0804139296""","=""9780804139298""",0,4.15,Crown Currency,Hardcover,195,2014,2014,,2016/08/05,,,read,,,,1,0
